ticker,name,action
1301.T,極洋,short
130A.T,VeritasInSilico,long
1332.T,ニッスイ,short
1333.T,マルハニチロ,short
135A.T,ＶＲＡＩＮ Ｓｏｌｕｔｉｏｎ,long
1375.T,雪国まいたけ,long
137A.T,Cocolive,long
1381.T,アクシーズ,short
1383.T,ベルグアース,short
1384.T,ホクリヨウ,short
138A.T,光フードサービス,long
1414.T,ショーボンドホールディングス,short
1417.T,ミライト・ホールディングス,long
1418.T,インターライフホールディングス,short
1419.T,タマホーム,short
141A.T,トライアルホールディングス,short
1429.T,日本アクア,short
142A.T,ジンジブ,long
1430.T,ファーストコーポレーション,short
1431.T,Ｌｉｂ Ｗｏｒｋ,short
1433.T,ベステラ,short
1434.T,ＪＥＳＣＯホールディングス,long
143A.T,イシン,short
1443.T,技研ホールディングス,short
1447.T,ＳＡＡＦホールディングス,short
1450.T,田中建設工業,short
145A.T,LisB,short
146A.T,コロンビア・ワークス,long
147A.T,ソラコム,long
148A.T,ハッチ・ワーク,long
1491.T,中外鉱業,short
149A.T,シンカ,short
150A.T,ＪＳＨ,long
1515.T,日鉄鉱業,short
151A.T,ダイブ,short
153A.T,カウリス,long
155A.T,情報戦略テクノロジー,short
157A.T,グリーンモンスター,long
1605.T,ＩＮＰＥＸ,short
160A.T,アズパートナーズ,short
165A.T,SBIレオスひふみ,long
1662.T,石油資源開発,short
167A.T,リョーサン菱洋ホールディングス,short
168A.T,イタミアート,long
1711.T,ＳＤＳホールディングス,long
1712.T,ダイセキ環境ソリューション,long
1716.T,第一カッター興業,long
1718.T,美樹工業,short
1719.T,安藤・間,short
1720.T,東急建設,short
1724.T,シンクレイヤ,short
1736.T,オーテック,short
1743.T,コーアツ工業,short
1758.T,太洋基礎工業,short
175A.T,WillSmart,long
176A.T,レジル,long
1776.T,三井住建道路,short
1783.T,ｆａｎｔａｓｉｓｔａ,short
1786.T,オリエンタル白石,long
1787.T,ナカボーテック,short
1793.T,大本組,short
1798.T,守谷商会,short
1799.T,第一建設工業,short
1801.T,大成建設,short
1802.T,大林組,short
1808.T,長谷工コーポレーション,long
1811.T,錢高組,long
1814.T,大末建設,long
1815.T,鉄建建設,short
1827.T,ナカノフドー建設,short
1828.T,田辺工業,short
1833.T,奥村組,short
1835.T,東鉄工業,short
1844.T,大盛工業,short
1847.T,イチケン,short
184A.T,学びエイド,long
1850.T,南海辰村建設,short
1852.T,淺沼組,short
1860.T,戸田建設,long
1861.T,熊谷組,short
1867.T,植木組,short
1870.T,矢作建設工業,short
1871.T,ピーエス・コンストラクション,long
1873.T,日本ハウスホールディングス,short
1879.T,新日本建設,short
1887.T,日本国土開発,short
1888.T,若築建設,short
1893.T,五洋建設,short
1897.T,金下建設,long
1911.T,住友林業,short
1926.T,ライト工業,long
192A.T,インテグループ,long
1930.T,北陸電気工事,short
1934.T,ユアテック,short
1938.T,日本リーテック,long
1939.T,四電工,short
1942.T,関電工,short
1944.T,きんでん,short
1945.T,東京エネシス,short
1949.T,住友電設,short
194A.T,WOLVESHAND,long
1950.T,日本電設工業,short
1952.T,新日本空調,short
1959.T,九電工,short
195A.T,ライスカレー,short
1963.T,日揮ホールディングス,short
1964.T,中外炉工業,short
1965.T,テクノ菱和,long
1966.T,高田工業所,short
1967.T,ヤマト,short
1969.T,高砂熱学工業,short
196A.T,ＭＦＳ,short
1972.T,三晃金属工業,long
1973.T,ＮＥＣネッツエスアイ,long
1975.T,朝日工業社,short
1976.T,明星工業,short
1979.T,大氣社,short
1980.T,ダイダン,short
1981.T,協和日成,short
198A.T,ＰｏｓｔＰｒｉｍｅ,long
1994.T,高橋カーテンウォール工業,short
1997.T,暁飯島工業,short
2001.T,ニップン,short
2002.T,日清製粉グループ本社,short
2003.T,日東富士製粉,short
2004.T,昭和産業,short
2053.T,中部飼料,short
2055.T,日和産業,long
205A.T,ロゴスホールディングス,short
2060.T,フィード・ワン,short
208A.T,構造計画研究所ホールディングス,short
2108.T,日本甜菜製糖,short
2109.T,ＤＭ三井製糖ホールディングス,short
2112.T,塩水港精糖,long
2114.T,フジ日本,short
2117.T,ウェルネオシュガー,short
211A.T,カドス・コーポレーション,short
2120.T,ＬＩＦＵＬＬ,long
2121.T,ミクシィ,long
2138.T,クルーズ,long
2146.T,ＵＴグループ,long
2148.T,アイティメディア,long
2150.T,ケアネット,short
2152.T,幼児活動研究会,long
2153.T,Ｅ・Ｊホールディングス,short
2156.T,セーラー広告,short
2157.T,コシダカホールディングス,long
2158.T,ＦＲＯＮＴＥＯ,long
215A.T,タイミー,long
2160.T,ジーエヌアイグループ,long
2162.T,ｎｍｓホールディングス,short
2163.T,アルトナー,short
2164.T,地域新聞社,short
2168.T,パソナグループ,short
2169.T,ＣＤＳ,short
2170.T,リンクアンドモチベーション,long
2173.T,博展,long
2179.T,成学社,short
2181.T,パーソルホールディングス,short
2185.T,シイエム・シイ,short
218A.T,Liberaware,short
2193.T,クックパッド,long
2195.T,アミタホールディングス,long
2196.T,エスクリ,long
219A.T,Ｈｅａｒｔｓｅｅｄ,short
2204.T,中村屋,short
2206.T,江崎グリコ,short
2207.T,名糖産業,short
2208.T,ブルボン,short
220A.T,FaberCompany,short
2211.T,不二家,short
2212.T,山崎製パン,short
2216.T,カンロ,long
2220.T,亀田製菓,short
2222.T,寿スピリッツ,short
2224.T,コモ,short
2226.T,湖池屋,short
2264.T,森永乳業,short
2266.T,六甲バター,short
2267.T,ヤクルト本社,short
2269.T,明治ホールディングス,short
2270.T,雪印メグミルク,short
2281.T,プリマハム,short
2282.T,日本ハム,short
2286.T,林兼産業,short
2288.T,丸大食品,short
2291.T,福留ハム,short
2292.T,Ｓ Ｆｏｏｄｓ,short
2293.T,滝沢ハム,long
2294.T,柿安本店,short
2296.T,伊藤ハム米久ホールディングス,short
2300.T,きょくとう,long
2301.T,学情,long
2303.T,ドーン,short
2304.T,ＣＳＳホールディングス,short
2305.T,スタジオアリス,short
2307.T,クロスキャット,long
2311.T,エプコ,long
2321.T,ソフトフロントホールディングス,short
2323.T,ｆｏｎｆｕｎ,short
2326.T,デジタルアーツ,short
2327.T,日鉄ソリューションズ,long
2330.T,フォーサイド,long
2331.T,綜合警備保障,short
2332.T,クエスト,short
2334.T,イオレ,short
2337.T,いちご,short
2338.T,クオンタムソリューションズ,long
2341.T,アルバイトタイムス,long
2344.T,平安レイサービス,short
2345.T,クシム,short
2349.T,エヌアイデイ,long
2351.T,ＡＳＪ,long
2353.T,日本駐車場開発,short
2354.T,ＹＥ ＤＩＧＩＴＡＬ,short
2359.T,コア,short
2371.T,カカクコム,long
2373.T,ケア２１,short
2375.T,ギグワークス,long
2378.T,ルネサンス,short
2379.T,ディップ,short
2384.T,ＳＢＳホールディングス,short
2393.T,日本ケアサプライ,short
2395.T,新日本科学,short
2397.T,ＤＮＡチップ研究所,short
2404.T,鉄人化ホールディングス,short
2408.T,ＫＧ情報,long
2411.T,ゲンダイエージェンシー,short
2418.T,ツカダ・グローバルホールディング,short
241A.T,ROXX,long
2424.T,ブラス,short
2425.T,ケアサービス,short
2429.T,ワールドホールディングス,long
2432.T,ディー・エヌ・エー,long
2433.T,博報堂ＤＹホールディングス,short
2436.T,共同ピーアール,long
2437.T,Ｓｈｉｎｗａ Ｗｉｓｅ Ｈｏｌｄｉｎｇｓ,short
2449.T,プラップジャパン,long
244A.T,グロースエクスパートナーズ,short
2459.T,アウンコンサルティング,short
245A.T,ＩＮＧＳ,long
2462.T,ライク,short
2464.T,Ａｏｂａ－ＢＢＴ,short
2469.T,ヒビノ,long
246A.T,アスア,short
2479.T,ジェイテック,short
247A.T,Aiロボティクス,short
2484.T,出前館,short
2488.T,日本サード・パーティ,short
2491.T,バリューコマース,short
2492.T,インフォマート,long
2493.T,イーサポートリンク,short
2498.T,オリエンタルコンサルタンツホールディングス,short
2499.T,日本和装ホールディングス,short
2501.T,サッポロホールディングス,short
2502.T,アサヒグループホールディングス,short
2503.T,キリンホールディングス,short
250A.T,シマダヤ,short
2531.T,宝ホールディングス,long
2533.T,オエノンホールディングス,short
254A.T,AIフュージョンキャピタルグループ,long
2573.T,北海道コカ・コーラボトリング,short
2585.T,ライフドリンク カンパニー,long
2586.T,フルッタフルッタ,short
2587.T,サントリー食品インターナショナル,short
2590.T,ダイドーグループホールディングス,long
2593.T,伊藤園,long
2594.T,キーコーヒー,long
2602.T,日清オイリオグループ,short
2607.T,不二製油グループ本社,short
260A.T,オルツ,long
2612.T,かどや製油,short
2613.T,Ｊ－オイルミルズ,short
261A.T,日水コン,short
262A.T,インターメスティック,long
2653.T,イオン九州,long
2654.T,アスモ,short
2659.T,サンエー,short
2664.T,カワチ薬品,short
2667.T,イメージ ワン,long
2668.T,タビオ,long
2669.T,カネ美食品,long
2670.T,エービーシー・マート,long
2676.T,高千穂交易,short
2681.T,ゲオホールディングス,short
2683.T,魚喜,long
2686.T,ジーフット,long
2687.T,シー・ヴイ・エス・ベイエリア,short
2692.T,伊藤忠食品,short
2693.T,ＹＫＴ,long
2695.T,くら寿司,short
2698.T,キャンドゥ,short
269A.T,Sapeet,long
2702.T,日本マクドナルドホールディングス,long
2705.T,大戸屋ホールディングス,short
2708.T,久世,short
2721.T,ジェイホールディングス,short
2730.T,エディオン,short
2734.T,サーラコーポレーション,short
2742.T,ハローズ,short
2743.T,ピクセルカンパニーズ,long
2747.T,北雄ラッキー,long
2749.T,ＪＰホールディングス,short
2750.T,石光商事,short
2751.T,テンポスホールディングス,short
2762.T,ＳＡＮＫＯ ＭＡＲＫＥＴＩＮＧ ＦＯＯＤＳ,long
2767.T,フィールズ,short
2768.T,双日,short
276A.T,ククレブ・アドバイザーズ,short
2776.T,新都ホールディングス,long
2784.T,アルフレッサ ホールディングス,short
2789.T,カルラ,long
278A.T,TerraDrone,short
2790.T,ナフコ,short
2796.T,ファーマライズホールディングス,long
2805.T,ヱスビー食品,short
2809.T,キユーピー,short
280A.T,ＴＭＨ,long
2810.T,ハウス食品グループ本社,short
2811.T,カゴメ,short
2815.T,アリアケジャパン,short
2816.T,ダイショー,short
2818.T,ピエトロ,short
281A.T,インフォメティス,long
2820.T,やまみ,short
2830.T,アヲハタ,short
2831.T,はごろもフーズ,short
285A.T,キオクシアホールディングス,short
286A.T,ユカリア,long
2871.T,ニチレイ,short
2872.T,セイヒョー,short
2874.T,横浜冷凍,short
2875.T,東洋水産,short
2877.T,日東ベスト,long
2882.T,イートアンドホールディングス,long
2883.T,大冷,short
288A.T,ラクサス・テクノロジーズ,long
2892.T,日本食品化工,short
2894.T,石井食品,short
2897.T,日清食品ホールディングス,short
2903.T,シノブフーズ,short
2904.T,一正蒲鉾,short
2910.T,ロック・フィールド,short
2911.T,旭松食品,short
2914.T,日本たばこ産業（JT）,short
2916.T,仙波糖化工業,long
2917.T,大森屋,short
2918.T,わらべや日洋ホールディングス,short
291A.T,リスキル,long
2923.T,サトウ食品,short
2924.T,イフジ産業,short
2929.T,ファーマフーズ,short
2930.T,北の達人コーポレーション,short
2933.T,紀文食品,short
2934.T,ジェイフロンティア,short
2935.T,ピックルスホールディングス,long
2936.T,ベースフード,long
2937.T,サンクゼール,long
2961.T,日本調理機,short
2962.T,テクニスコ,long
296A.T,令和アカウンティング・ホールディングス,long
2971.T,エスコンジャパンリート投資法人,short
2979.T,SOSiLA物流リート投資法人,short
2980.T,ＳＲＥホールディングス,long
2981.T,ランディックス,short
2982.T,ＡＤワークスグループ,short
2983.T,アールプランナー,long
2997.T,ストレージ王,long
2998.T,クリアル,short
2999.T,ホームポジション,long
299A.T,dely,long
3001.T,片倉工業,short
3002.T,グンゼ,short
3003.T,ヒューリック,short
300A.T,MIC,short
3011.T,バナーズ,short
3021.T,パシフィックネット,short
3028.T,アルペン,short
3030.T,ハブ,long
3035.T,ケイティケイ,short
3036.T,アルコニックス,short
3038.T,神戸物産,short
303A.T,ｖｉｓｕｍｏ,long
3040.T,ソリトンシステムズ,short
3041.T,ビューティカダンホールディングス,short
3045.T,カワサキ,long
3048.T,ビックカメラ,long
304A.T,フォルシア,long
3050.T,ＤＣＭホールディングス,short
3053.T,ペッパーフードサービス,short
3054.T,ハイパー,long
3058.T,三洋堂ホールディングス,short
3063.T,ジェイグループホールディングス,long
3064.T,ＭｏｎｏｔａＲＯ,short
3065.T,ライフフーズ,long
3068.T,ＷＤＩ,long
3070.T,ジェリービーンズグループ,long
3073.T,ＤＤグループ,short
3075.T,銚子丸,long
3076.T,あい ホールディングス,short
3079.T,ディーブイエックス,short
3083.T,スターシーズ,long
3089.T,テクノアルファ,short
3091.T,ブロンコビリー,short
3092.T,ＺＯＺＯ,long
3093.T,トレジャー・ファクトリー,short
3094.T,スーパーバリュー,long
3096.T,オーシャンシステム,short
3097.T,物語コーポレーション,short
3099.T,三越伊勢丹ホールディングス,long
3101.T,東洋紡,short
3103.T,ユニチカ,short
3104.T,富士紡ホールディングス,short
3105.T,日清紡ホールディングス,short
3107.T,ダイワボウホールディングス,long
3109.T,シキボウ,short
3116.T,トヨタ紡織,short
3123.T,サイボー,short
3132.T,マクニカ・富士エレホールディングス,short
3133.T,海帆,long
3134.T,Ｈａｍｅｅ,short
3135.T,マーケットエンタープライズ,long
3137.T,ファンデリー,long
3139.T,ラクト・ジャパン,short
3140.T,ＢＲＵＮＯ,short
3143.T,オーウイル,short
3148.T,クリエイトＳＤホールディングス,short
3151.T,バイタルケーエスケー・ホールディングス,short
3153.T,八洲電機,short
3154.T,メディアスホールディングス,short
3157.T,ジオリーブグループ,short
3160.T,大光,short
3161.T,アゼアス,short
3166.T,ＯＣＨＩホールディングス,short
3167.T,ＴＯＫＡＩホールディングス,short
3168.T,ＭＥＲＦ,short
3169.T,ミサワ,long
3174.T,ハピネス・アンド・ディ,long
3175.T,エー・ピーホールディングス,long
3177.T,ありがとうサービス,long
3178.T,チムニー,short
3179.T,シュッピン,short
3180.T,ビューティガレージ,short
3181.T,買取王国,short
3183.T,ウイン・パートナーズ,short
3185.T,夢展望,short
3187.T,ミラタップ,short
3189.T,ＡＮＡＰ,long
3190.T,ホットマン,short
3193.T,エターナルホスピタリティグループ,short
3195.T,ジェネレーションパス,long
3196.T,ホットランド,short
3197.T,すかいらーくホールディングス,short
3198.T,ＳＦＰホールディングス,long
319A.T,技術承継機構,short
3201.T,日本毛織,short
3202.T,ダイトウボウ,short
3222.T,ユナイテッド・スーパーマーケット・ホールディングス,short
3223.T,エスエルディー,long
3224.T,ゼネラル・オイスター,short
3226.T,日本アコモデーションファンド投資法人,short
3231.T,野村不動産ホールディングス,short
3234.T,森ヒルズリート投資法人,short
3236.T,プロパスト,short
3237.T,イントランス,long
3242.T,アーバネットコーポレーション,short
3245.T,ディア・ライフ,short
3248.T,アールエイジ,short
3252.T,地主,long
3254.T,プレサンスコーポレーション,long
3269.T,アドバンス・レジデンス投資法人,short
3271.T,ＴＨＥグローバル社,short
3276.T,日本管理センター,short
3277.T,サンセイランディック,short
3282.T,コンフォリア・レジデンシャル投資法人,short
3286.T,トラストホールディングス,short
3288.T,オープンハウスグループ,short
3289.T,東急不動産ホールディングス,short
3290.T,Oneリート投資法人,short
3292.T,イオンリート投資法人,long
3297.T,東武住販,short
3299.T,ムゲンエステート,short
3300.T,アンビション ＤＸ ホールディングス,short
3302.T,帝国繊維,short
3309.T,積水ハウス・リート投資法人,short
3317.T,フライングガーデン,short
3319.T,ゴルフダイジェスト・オンライン,long
3320.T,クロスプラス,short
3321.T,ミタチ産業,short
3328.T,ＢＥＥＮＯＳ,short
3333.T,あさひ,short
3341.T,日本調剤,short
3349.T,コスモス薬品,short
3350.T,メタプラネット,long
3352.T,バッファロー,short
3355.T,クリヤマホールディングス,short
3359.T,ｃｏｔｔａ,long
3361.T,トーエル,short
3370.T,フジタコーポレーション,long
3372.T,関門海,short
3374.T,内外テック,short
3375.T,ＺＯＡ,short
3382.T,セブン＆アイ・ホールディングス,long
3386.T,コスモ・バイオ,short
3388.T,明治電機工業,short
3395.T,サンマルクホールディングス,short
3396.T,フェリシモ,long
3397.T,トリドールホールディングス,short
3399.T,丸千代山岡家,long
3401.T,帝人,short
3402.T,東レ,short
3407.T,旭化成,short
3409.T,北日本紡績,short
3415.T,ＴＯＫＹＯ ＢＡＳＥ,long
3417.T,大木ヘルスケアホールディングス,long
3418.T,バルニバービ,short
3420.T,ケー・エフ・シー,short
3421.T,稲葉製作所,short
3422.T,丸順,short
3426.T,アトムリビンテック,short
3431.T,宮地エンジニアリンググループ,short
3434.T,アルファＣｏ,short
3436.T,ＳＵＭＣＯ,short
3437.T,特殊電極,long
3439.T,三ツ知,long
3440.T,日創プロニティ,short
3441.T,山王,short
3446.T,ジェイテックコーポレーション,long
3447.T,信和,long
3452.T,ビーロット,short
3454.T,ファーストブラザーズ,long
3457.T,Ａｎｄ Ｄｏホールディングス,short
3461.T,パルマ,long
3462.T,野村不動産マスターファンド投資法人,short
3463.T,いちごホテルリート投資法人,short
3466.T,ラサールロジポート投資法人,long
3467.T,アグレ都市デザイン,short
3468.T,スターアジア不動産投資法人,short
3469.T,デュアルタップ,short
3470.T,マリモ地方創生リート投資法人,short
3472.T,日本ホテル＆レジデンシャル,short
3474.T,Ｇ－ＦＡＣＴＯＲＹ,long
3475.T,グッドコムアセット,long
3476.T,投資法人みらい,short
3477.T,フォーライフ,short
3481.T,三菱地所物流リート投資法人,short
3484.T,イノベーションホールディングス,short
3486.T,グローバル・リンク・マネジメント,short
3487.T,CREロジスティクスファンド投資法人,short
3488.T,ザイマックス・リート投資法人,long
3489.T,フェイスネットワーク,short
3490.T,アズ企画設計,short
3491.T,ＧＡ ｔｅｃｈｎｏｌｏｇｉｅｓ,short
3492.T,タカラレーベン不動産投資法人,short
3496.T,アズーム,long
3497.T,ＬｅＴｅｃｈ,long
3498.T,霞ヶ関キャピタル,long
3501.T,ＳＵＭＩＮＯＥ,short
3512.T,日本フエルト,short
3524.T,日東製網,short
3537.T,昭栄薬品,short
3539.T,ＪＭホールディングス,short
3541.T,農業総合研究所,short
3542.T,ベガコーポレーション,short
3543.T,コメダホールディングス,short
3544.T,サツドラホールディングス,short
3547.T,串カツ田中ホールディングス,short
3549.T,クスリのアオキホールディングス,short
3550.T,スタジオアタオ,short
3553.T,共和レザー,short
3557.T,ユナイテッド＆コレクティブ,long
3559.T,ピーバンドットコム,long
3561.T,力の源ホールディングス,short
3563.T,ＦＯＯＤ ＆ ＬＩＦＥ ＣＯＭＰＡＮＩＥＳ,short
3565.T,アセンテック,short
3569.T,セーレン,long
3571.T,ソトー,short
3577.T,東海染工,short
3583.T,オーベクス,short
3591.T,ワコールホールディングス,short
3593.T,ホギメディカル,long
3598.T,山喜,short
3600.T,フジックス,short
3608.T,ＴＳＩホールディングス,long
3612.T,ワールド,short
3622.T,ネットイヤーグループ,short
3623.T,ビリングシステム,long
3624.T,アクセルマーク,long
3625.T,テックファームホールディングス,long
3626.T,ＴＩＳ,short
3628.T,データホライゾン,long
3634.T,ソケッツ,long
3636.T,三菱総合研究所,short
3639.T,ボルテージ,short
3640.T,電算,short
3641.T,パピレス,short
3646.T,駅探,long
3647.T,ジー・スリーホールディングス,long
3648.T,ＡＧＳ,long
3649.T,ファインデックス,long
3652.T,ディジタルメディアプロフェッショナル,long
3653.T,モルフォ,long
3655.T,ブレインパッド,long
3656.T,ＫＬａｂ,long
3657.T,ポールトゥウィン・ピットクルーホールディングス,long
3660.T,アイスタイル,long
3661.T,エムアップホールディングス,short
3662.T,エイチーム,short
3663.T,アートスパークホールディングス,long
3664.T,モブキャストホールディングス,short
3665.T,エニグモ,long
3666.T,テクノスジャパン,long
3667.T,ｅｎｉｓｈ,long
3670.T,協立情報通信,long
3671.T,ソフトマックス,long
3672.T,オルトプラス,long
3673.T,ブロードリーフ,short
3680.T,ホットリンク,short
3681.T,ブイキューブ,long
3683.T,サイバーリンクス,short
3688.T,ＣＡＲＴＡ ＨＯＬＤＩＮＧＳ,long
3690.T,イルグルム,short
3691.T,リアルワールド,short
3692.T,ＦＦＲＩセキュリティ,short
3695.T,ＧＭＯリサーチ＆ＡＩ,short
3696.T,セレス,long
3698.T,ＣＲＩ・ミドルウェア,short
3708.T,特種東海製紙,short
3712.T,情報企画,short
3726.T,フォーシーズＨＤ,short
3727.T,アプリックス,long
3741.T,セック,long
3744.T,サイオス,long
3747.T,インタートレード,short
3753.T,フライトソリューションズ,short
3758.T,アエリア,long
3760.T,ケイブ,long
3762.T,テクマトリックス,long
3763.T,プロシップ,short
3765.T,ガンホー・オンライン・エンターテイメント,long
3768.T,リスクモンスター,short
3769.T,ＧＭＯペイメントゲートウェイ,long
3772.T,ウェルス・マネジメント,short
3773.T,アドバンスト・メディア,short
3778.T,さくらインターネット,long
3791.T,ＩＧポート,long
3793.T,ドリコム,long
3796.T,いい生活,long
3802.T,エコミック,short
3804.T,システム ディ,short
3807.T,フィスコ,long
3810.T,サイバーステップ,long
3815.T,メディア工房,long
3816.T,大和コンピューター,short
3817.T,ＳＲＡホールディングス,short
3823.T,ＴＨＥ ＷＨＹ ＨＯＷ ＤＯ ＣＯＭＰＡＮＹ,short
3825.T,リミックスポイント,long
3826.T,システムインテグレータ,short
3836.T,アバント,long
3839.T,ＯＤＫソリューションズ,short
3841.T,ジーダット,short
3844.T,コムチュア,long
3847.T,パシフィックシステム,short
3848.T,データ・アプリケーション,short
3853.T,アステリア,long
3854.T,アイル,long
3858.T,ユビキタスＡＩコーポレーション,short
3861.T,王子ホールディングス,short
3864.T,三菱製紙,short
3877.T,中越パルプ工業,short
3880.T,大王製紙,short
3900.T,クラウドワークス,long
3902.T,メディカル・データ・ビジョン,long
3903.T,ｇｕｍｉ,long
3904.T,カヤック,long
3905.T,データセクション,short
3908.T,コラボス,short
3909.T,ショーケース,long
3910.T,エムケイシステム,short
3912.T,モバイルファクトリー,short
3914.T,ＪＩＧ－ＳＡＷ,short
3915.T,テラスカイ,long
3916.T,デジタル・インフォメーション・テクノロジー,short
3917.T,アイリッジ,long
3918.T,ＰＣＩホールディングス,short
3920.T,アイビーシー,long
3921.T,ネオジャパン,long
3923.T,ラクス,short
3924.T,ランドコンピュータ,short
3925.T,ダブルスタンダード,long
3926.T,オープンドア,short
3927.T,フーバーブレイン,short
3928.T,マイネット,long
3930.T,はてな,short
3931.T,バリューゴルフ,short
3933.T,チエル,long
3934.T,ベネフィットジャパン,short
3937.T,Ｕｂｉｃｏｍホールディングス,short
3939.T,カナミックネットワーク,long
3941.T,レンゴー,short
3943.T,大石産業,short
3944.T,古林紙工,short
3945.T,スーパーバッグ,short
3946.T,トーモク,short
3948.T,光ビジネスフォーム,short
3958.T,笹徳印刷,short
3962.T,チェンジホールディングス,short
3963.T,シンクロ・フード,short
3967.T,エルテス,long
3969.T,エイトレッド,short
3976.T,シャノン,long
3978.T,マクロミル,short
3981.T,ビーグリー,long
3984.T,ユーザーローカル,long
3986.T,ビーブレイクシステムズ,long
3992.T,ニーズウェル,short
3993.T,ＰＫＳＨＡ Ｔｅｃｈｎｏｌｏｇｙ,long
3996.T,サインポスト,short
3997.T,トレードワークス,long
4004.T,レゾナック・ホールディングス,long
4005.T,住友化学,short
4008.T,住友精化,short
4011.T,ヘッドウォータース,long
4012.T,アクシス,long
4013.T,勤次郎,short
4014.T,カラダノート,long
4015.T,ペイクラウドホールディングス,short
4020.T,ビートレンド,long
4021.T,日産化学,short
4022.T,ラサ工業,short
4027.T,テイカ,long
4028.T,石原産業,short
4040.T,南海化学,short
4042.T,東ソー,short
4043.T,トクヤマ,short
4044.T,セントラル硝子,short
4046.T,大阪ソーダ,short
4051.T,ＧＭＯフィナンシャルゲート,long
4052.T,フィーチャ,long
4053.T,Ｓｕｎ Ａｓｔｅｒｉｓｋ,short
4054.T,日本情報クリエイト,long
4055.T,ティアンドエスグループ,long
4056.T,ニューラルグループ,long
4057.T,インターファクトリー,short
4059.T,まぐまぐ,long
4061.T,デンカ,short
4062.T,イビデン,short
4068.T,ベイシス,short
4069.T,ＢｌｕｅＭｅｍｅ,long
4071.T,プラスアルファ・コンサルティング,long
4072.T,電算システムホールディングス,short
4074.T,ラキール,short
4078.T,堺化学工業,short
4080.T,田中化学研究所,short
4088.T,エア・ウォーター,short
4091.T,日本酸素ホールディングス,short
4092.T,日本化学工業,short
4095.T,日本パーカライジング,long
4097.T,高圧ガス工業,short
4098.T,チタン工業,long
4100.T,戸田工業,short
4102.T,丸尾カルシウム,short
4109.T,ステラ ケミファ,long
4112.T,保土谷化学工業,short
4113.T,田岡化学工業,short
4114.T,日本触媒,long
4124.T,大阪油化工業,long
4151.T,協和キリン,short
4165.T,プレイド,long
4166.T,かっこ,long
4167.T,ココペリ,long
4169.T,ＥＮＥＣＨＡＮＧＥ,long
4171.T,グローバルインフォメーション,short
4174.T,アピリッツ,short
4175.T,ｃｏｌｙ,long
4176.T,ココナラ,long
4179.T,ジーネクスト,long
4180.T,Ａｐｐｉｅｒ Ｇｒｏｕｐ,long
4182.T,三菱瓦斯化学,short
4183.T,三井化学,short
4186.T,東京応化工業,long
4187.T,大阪有機化学工業,short
4192.T,スパイダープラス,short
4193.T,ファブリカホールディングス,long
4194.T,ビジョナル,short
4198.T,テンダ,long
4199.T,ワンダープラネット,long
4202.T,ダイセル,short
4203.T,住友ベークライト,short
4204.T,積水化学工業,short
4205.T,日本ゼオン,short
4206.T,アイカ工業,short
4208.T,宇部興産,short
4212.T,積水樹脂,short
4218.T,ニチバン,short
4220.T,リケンテクノス,short
4221.T,大倉工業,short
4222.T,児玉化学工業,short
4228.T,積水化成品工業,short
4229.T,群栄化学工業,short
4235.T,ウルトラファブリックス・ホールディングス,long
4237.T,フジプレアム,long
4241.T,アテクト,long
4243.T,ニックス,short
4245.T,ダイキアクシス,short
4247.T,ポバール興業,short
4249.T,森六ホールディングス,short
4251.T,恵和,long
4255.T,ＴＨＥＣＯＯ,short
4256.T,サインド,long
4258.T,網屋,short
4259.T,エクサウィザーズ,long
4261.T,アジアクエスト,short
4263.T,サスメド,long
4264.T,セキュア,long
4265.T,Ｉｎｓｔｉｔｕｔｉｏｎ ｆｏｒ ａ Ｇｌｏｂａｌ Ｓｏｃｉｅ,short
4267.T,ライトワークス,short
4270.T,ＢｅｅＸ,long
4272.T,日本化薬,short
4274.T,細谷火工,short
4287.T,ジャストプランニング,short
4290.T,プレステージ・インターナショナル,long
4293.T,セプテーニ・ホールディングス,short
4298.T,プロトコーポレーション,long
4299.T,ハイマックス,long
4301.T,アミューズ,short
4304.T,Ｅストアー,short
4310.T,ドリームインキュベータ,short
4317.T,レイ,long
4318.T,クイック,short
4323.T,日本システム技術,long
4324.T,電通グループ,short
4333.T,東邦システムサイエンス,short
4335.T,アイ・ピー・エス,short
4337.T,ぴあ,long
4341.T,西菱電機,long
4343.T,イオンファンタジー,long
4344.T,ソースネクスト,short
4345.T,シーティーエス,long
4347.T,ブロードメディア,long
4350.T,メディカルシステムネットワーク,long
4351.T,山田債権回収管理総合事務所,long
4360.T,マナック・ケミカル・パートナーズ,long
4362.T,日本精化,long
4366.T,ダイトーケミックス,long
4367.T,広栄化学,short
4368.T,扶桑化学工業,short
4369.T,トリケミカル研究所,long
4374.T,ＲＯＢＯＴ ＰＡＹＭＥＮＴ,long
4375.T,セーフィー,long
4376.T,くふうカンパニー,long
4378.T,ＣＩＮＣ,short
4379.T,Ｐｈｏｔｏｓｙｎｔｈ,short
4380.T,Ｍマート,long
4381.T,ビープラッツ,long
4387.T,ＺＵＵ,short
4388.T,エーアイ,long
4389.T,プロパティデータバンク,short
4390.T,ＩＰＳ,long
4391.T,ロジザード,long
4398.T,ブロードバンドセキュリティ,long
4404.T,ミヨシ油脂,short
4409.T,東邦化学工業,short
4410.T,ハリマ化成グループ,short
4412.T,サイエンスアーツ,long
4414.T,フレクト,long
4415.T,ブロードエンタープライズ,long
4416.T,Ｔｒｕｅ Ｄａｔａ,long
4418.T,ＪＤＳＣ,long
4419.T,Ｆｉｎａｔｅｘｔホールディングス,short
4421.T,ディ・アイ・システム,long
4422.T,ＶＡＬＵＥＮＥＸ,long
4424.T,Ａｍａｚｉａ,long
4425.T,Ｋｕｄａｎ,long
4427.T,ＥｄｕＬａｂ,long
4428.T,シノプス,long
4431.T,スマレジ,short
4432.T,ウイングアーク１ｓｔ,short
4433.T,ヒト・コミュニケーションズ・ホールディングス,short
4435.T,カオナビ,short
4436.T,ミンカブ・ジ・インフォノイド,long
4438.T,Ｗｅｌｂｙ,long
4440.T,ヴィッツ,long
4441.T,トビラシステムズ,short
4442.T,バルテス・ホールディングス,long
4443.T,Ｓａｎｓａｎ,long
4444.T,インフォネット,short
4446.T,Ｌｉｎｋ－Ｕ グループ,long
4447.T,ピー・ビーシステムズ,long
4448.T,ｋｕｂｅｌｌ,long
4463.T,日華化学,short
4465.T,ニイタカ,short
4477.T,ＢＡＳＥ,short
4479.T,マクアケ,short
4480.T,メドレー,short
4481.T,ベース,long
4482.T,ウィルズ,short
4483.T,ＪＭＤＣ,long
4484.T,ランサーズ,long
4487.T,スペースマーケット,long
4488.T,ＡＩ ｉｎｓｉｄｅ,long
4490.T,ビザスク,long
4491.T,コンピューターマネージメント,long
4493.T,サイバーセキュリティクラウド,long
4494.T,バリオセキュア,short
4495.T,アイキューブドシステムズ,long
4496.T,コマースＯｎｅホールディングス,short
4498.T,サイバートラスト,long
4499.T,Ｓｐｅｅｅ,long
4502.T,武田薬品工業,short
4506.T,大日本住友製薬,long
4507.T,塩野義製薬,short
4512.T,わかもと製薬,short
4519.T,中外製薬,long
4521.T,科研製薬,short
4524.T,森下仁丹,short
4526.T,理研ビタミン,short
4528.T,小野薬品工業,short
4530.T,久光製薬,long
4531.T,有機合成薬品工業,short
4534.T,持田製薬,short
4538.T,扶桑薬品工業,short
4539.T,日本ケミファ,short
4544.T,Ｈ．Ｕ．グループホールディングス,short
4549.T,栄研化学,short
4551.T,鳥居薬品,short
4552.T,ＪＣＲファーマ,long
4553.T,東和薬品,long
4554.T,富士製薬工業,short
4558.T,中京医薬品,long
4559.T,ゼリア新薬工業,short
4563.T,アンジェス,long
4569.T,杏林製薬,short
4570.T,免疫生物研究所,long
4572.T,カルナバイオサイエンス,long
4575.T,キャンバス,long
4576.T,デ・ウエスタン・セラピテクス研究所,long
4577.T,ダイト,short
4578.T,大塚ホールディングス,short
4579.T,ラクオリア創薬,long
4582.T,シンバイオ製薬,long
4583.T,カイオム・バイオサイエンス,long
4584.T,キッズウェル・バイオ,long
4588.T,オンコリスバイオファーマ,short
4592.T,サンバイオ,short
4593.T,ヘリオス,long
4594.T,ブライトパス・バイオ,long
4612.T,日本ペイントホールディングス,short
4613.T,関西ペイント,short
4616.T,川上塗料,long
4617.T,中国塗料,short
4619.T,日本特殊塗料,short
4623.T,アサヒペン,short
4628.T,エスケー化研,long
4631.T,ＤＩＣ,long
4633.T,サカタインクス,short
4634.T,ａｒｔｉｅｎｃｅ,short
4641.T,アルプス技研,short
4642.T,オリジナル設計,long
4645.T,市進ホールディングス,long
4650.T,ＳＤエンターテイメント,short
4651.T,サニックス,short
4658.T,日本空調サービス,short
4659.T,エイジス,short
4662.T,フォーカスシステムズ,short
4664.T,ＲＳＣ,long
4667.T,アイサンテクノロジー,long
4668.T,明光ネットワークジャパン,short
4671.T,ファルコホールディングス,short
4673.T,川崎地質,long
4676.T,フジ・メディア・ホールディングス,long
4678.T,秀英予備校,short
4680.T,ラウンドワン,long
4681.T,リゾートトラスト,long
4685.T,菱友システムズ,short
4686.T,ジャストシステム,long
4687.T,ＴＤＣソフト,short
4689.T,ＬＩＮＥヤフー,short
4691.T,ワシントンホテル,short
4694.T,ビー・エム・エル,short
4704.T,トレンドマイクロ,long
4707.T,キタック,long
4714.T,リソー教育,short
4720.T,城南進学研究社,short
4728.T,トーセ,short
4732.T,ユー・エス・エス,short
4736.T,日本ラッド,long
4743.T,アイティフォー,short
4751.T,サイバーエージェント,short
4754.T,トスネット,short
4755.T,楽天グループ,long
4766.T,ピーエイ,long
4767.T,テー・オー・ダブリュー,short
4768.T,大塚商会,long
4776.T,サイボウズ,long
4777.T,ガーラ,long
4801.T,セントラルスポーツ,short
4811.T,ドリーム・アーツ,short
4812.T,電通総研,short
4813.T,ＡＣＣＥＳＳ,long
4819.T,デジタルガレージ,short
4829.T,日本エンタープライズ,short
4832.T,ＪＦＥシステムズ,long
4833.T,Ｄｅｆ ｃｏｎｓｕｌｔｉｎｇ,short
4838.T,スペースシャワーＳＫＩＹＡＫＩホールディングス,short
4839.T,ＷＯＷＯＷ,short
4845.T,スカラ,short
4847.T,インテリジェント ウェイブ,short
4875.T,メディシノバ・インク,long
4881.T,ファンペップ,long
4882.T,ペルセウスプロテオミクス,short
4883.T,モダリス,long
4884.T,クリングルファーマ,short
4886.T,あすか製薬ホールディングス,short
4887.T,サワイグループホールディングス,short
4888.T,ステラファーマ,long
4889.T,レナサイエンス,long
4890.T,坪田ラボ,long
4891.T,ティムス,long
4892.T,サイフューズ,long
4893.T,ノイルイミューン・バイオテック,long
4894.T,クオリプス,short
4896.T,ケイファーマ,short
4901.T,富士フイルムホールディングス,long
4911.T,資生堂,short
4914.T,高砂香料工業,short
4917.T,マンダム,short
4919.T,ミルボン,short
4920.T,日本色材工業研究所,long
4922.T,コーセー,short
4925.T,ハーバー研究所,short
4926.T,シーボン,short
4929.T,アジュバンホールディングス,long
4931.T,新日本製薬,short
4932.T,アルマード,long
4936.T,アクシージア,short
4951.T,エステー,long
4958.T,長谷川香料,short
4967.T,小林製薬,short
4970.T,東洋合成工業,short
4972.T,綜研化学,long
4973.T,日本高純度化学,short
4974.T,タカラバイオ,long
4975.T,ＪＣＵ,long
4977.T,新田ゼラチン,short
4978.T,リプロセル,long
4980.T,デクセリアルズ,long
4985.T,アース製薬,short
4990.T,昭和化学工業,long
4994.T,大成ラミック,short
4996.T,クミアイ化学工業,short
4997.T,日本農薬,long
4998.T,フマキラー,short
5009.T,富士興産,short
5017.T,富士石油,short
5019.T,出光興産,short
5020.T,ＥＮＥＯＳホールディングス,short
5021.T,コスモエネルギーホールディングス,short
5026.T,トリプルアイズ,long
5027.T,AnyMindGroup,long
5031.T,モイ,long
5032.T,ＡＮＹＣＯＬＯＲ,short
5034.T,unerry,long
5036.T,日本ビジネスシステムズ,long
5071.T,ヴィス,long
5074.T,テスホールディングス,short
5076.T,インフロニア・ホールディングス,short
5078.T,セレコーポレーション,short
5105.T,ＴＯＹＯ ＴＩＲＥ,short
5108.T,ブリヂストン,short
5110.T,住友ゴム工業,short
5126.T,ポーターズ,long
5129.T,ＦＩＸＥＲ,long
5131.T,リンカーズ,long
5134.T,ＰＯＰＥＲ,short
5136.T,ｔｒｉｐｌａ,short
5138.T,Rebase,long
5139.T,オープンワーク,long
5162.T,朝日ラバー,short
5184.T,ニチリン,short
5185.T,フコク,short
5186.T,ニッタ,short
5189.T,櫻護謨,short
5191.T,住友理工,short
5192.T,三ツ星ベルト,short
5194.T,相模ゴム工業,long
5195.T,バンドー化学,short
5201.T,ＡＧＣ,short
5202.T,日本板硝子,short
5216.T,倉元製作所,long
5232.T,住友大阪セメント,short
5237.T,ノザワ,short
5240.T,monoAItechnology,long
5242.T,アイズ,long
5244.T,jig.jp,long
5247.T,ＢＴＭ,long
5248.T,テクノロジーズ,long
5250.T,プライム・ストラテジー,long
5253.T,カバー,short
5254.T,Ａｒｅｎｔ,long
5255.T,モンスターラボホールディングス,long
5258.T,トランザクション・メディア・ネットワークス,long
5262.T,日本ヒューム,short
5269.T,日本コンクリート工業,short
5271.T,トーヨーアサノ,long
5273.T,三谷セキサン,short
5277.T,スパンクリートコーポレーション,short
5279.T,日本興業,long
5280.T,ヨシコン,short
5283.T,高見澤,short
5284.T,ヤマウ,long
5285.T,ヤマックス,long
5287.T,イトーヨーギョー,long
5288.T,アジアパイルホールディングス,short
5290.T,ベルテクスコーポレーション,long
5301.T,東海カーボン,short
5302.T,日本カーボン,short
5310.T,東洋炭素,short
5331.T,ノリタケ,short
5332.T,ＴＯＴＯ,short
5333.T,日本碍子,short
5334.T,日本特殊陶業,short
5337.T,ダントーホールディングス,short
5344.T,ＭＡＲＵＷＡ,long
5351.T,品川リフラクトリーズ,short
5355.T,日本坩堝,short
5363.T,東京窯業,short
5367.T,ニッカトー,short
5380.T,新東,long
5386.T,鶴弥,short
5401.T,日本製鉄,short
5406.T,神戸製鋼所,short
5408.T,中山製鋼所,short
5410.T,合同製鐵,short
5411.T,ジェイ エフ イー ホールディングス,short
5423.T,東京製鐵,short
5444.T,大和工業,short
5445.T,東京鐵鋼,short
5449.T,大阪製鐵,short
5458.T,高砂鐵工,short
5461.T,中部鋼鈑,short
5464.T,モリ工業,short
5471.T,大同特殊鋼,short
5480.T,日本冶金工業,short
5481.T,山陽特殊製鋼,long
5484.T,東北特殊鋼,short
5491.T,日本金属,long
5533.T,エリッツホールディングス,long
5535.T,ミガロホールディングス,long
5541.T,大平洋金属,short
5563.T,新日本電工,short
5571.T,エキサイトホールディングス,short
5572.T,Ridge-i,long
5574.T,ＡＢＥＪＡ,long
5575.T,Globee,long
5580.T,プロディライト,long
5582.T,グリッド,long
5585.T,エコナビスタ,short
5586.T,Laboro.AI,long
5587.T,インバウンドプラットフォーム,long
5588.T,ファーストアカウンティング,short
5589.T,オートサーバー,short
5590.T,ネットスターズ,long
5596.T,アウトルックコンサルティング,long
5599.T,Ｓ＆Ｊ,short
5609.T,日本鋳造,short
5612.T,日本鋳鉄管,long
5616.T,雨風太陽,long
5631.T,日本製鋼所,short
5644.T,メタルアート,short
5658.T,日亜鋼業,long
5659.T,日本精線,short
5660.T,神鋼鋼線工業,short
5697.T,サンユウ,short
5698.T,エンビプロ・ホールディングス,short
5702.T,大紀アルミニウム工業所,short
5703.T,日本軽金属ホールディングス,short
5704.T,ＪＭＣ,short
5706.T,三井金属鉱業,short
5711.T,三菱マテリアル,short
5713.T,住友金属鉱山,short
5714.T,ＤＯＷＡホールディングス,short
5715.T,古河機械金属,short
5726.T,大阪チタニウムテクノロジーズ,short
5727.T,東邦チタニウム,short
5741.T,ＵＡＣＪ,short
5742.T,エヌアイシ・オートテック,short
5753.T,日本伸銅,short
5757.T,ＣＫサンエツ,short
5801.T,古河電気工業,long
5803.T,フジクラ,long
5805.T,ＳＷＣＣ,long
5816.T,オーナンバ,long
5817.T,ＪＭＡＣＳ,long
5819.T,カナレ電気,long
5830.T,いよぎんホールディングス,short
5831.T,しずおかフィナンシャルグループ,short
5832.T,ちゅうぎんフィナンシャルグループ,short
5838.T,楽天銀行,short
5842.T,インテグラル,long
5843.T,ニッポンインシュア,short
5844.T,京都フィナンシャルグループ,short
5845.T,全保連,short
5851.T,リョービ,short
5852.T,アーレスティ,short
5856.T,エルアイイーエイチ,short
5857.T,ＡＲＥホールディングス,short
5858.T,ＳＴＧ,long
5867.T,エスネットワークス,long
5870.T,ナルネットコミュニケーションズ,short
5884.T,クラダシ,short
5885.T,ジーデップ・アドバンス,long
5889.T,JapanEyewearHoldings,short
5891.T,魁力屋,long
5892.T,yutori,long
5901.T,東洋製罐グループホールディングス,short
5902.T,ホッカンホールディングス,short
5905.T,日本製罐,short
5911.T,横河ブリッジホールディングス,short
5921.T,川岸工業,long
5932.T,三協立山,short
5936.T,東洋シヤッター,short
5938.T,ＬＩＸＩＬ,short
5939.T,大谷工業,long
5940.T,不二サッシ,short
5941.T,中西製作所,long
5942.T,日本フイルコン,short
5943.T,ノーリツ,short
5945.T,天龍製鋸,short
5947.T,リンナイ,short
5949.T,ユニプレス,short
5950.T,日本パワーファスニング,long
5951.T,ダイニチ工業,short
5955.T,ワイズホールディングス,short
5956.T,トーソー,short
5957.T,日東精工,short
5959.T,岡部,short
5965.T,フジマック,long
5966.T,京都機械工具,short
5969.T,ロブテックス,short
5970.T,ジーテクト,short
5973.T,トーアミ,short
5975.T,東プレ,short
5981.T,東京製綱,short
5983.T,イワブチ,long
5985.T,サンコール,long
5989.T,エイチワン,short
5992.T,中央発條,short
5994.T,ファインシンター,short
5998.T,アドバネクス,short
6013.T,タクマ,long
6016.T,ジャパンエンジンコーポレーション,short
6018.T,阪神内燃機工業,short
6022.T,赤阪鐵工所,long
6028.T,テクノプロ・ホールディングス,short
6029.T,アトラグループ,long
6030.T,アドベンチャー,long
6031.T,ＺＥＴＡ,long
6036.T,ＫｅｅＰｅｒ技研,short
6037.T,楽待,short
6038.T,イード,short
6039.T,日本動物高度医療センター,short
6042.T,ニッキ,short
6044.T,三機サービス,short
6045.T,レントラックス,long
6046.T,リンクバル,long
6047.T,Ｇｕｎｏｓｙ,long
6048.T,デザインワン・ジャパン,long
6050.T,イー・ガーディアン,short
6055.T,ジャパンマテリアル,long
6058.T,ベクトル,short
6059.T,ウチヤマホールディングス,short
6063.T,日本エマージェンシーアシスタンス,short
6069.T,トレンダーズ,long
6078.T,バリューＨＲ,short
6087.T,アビスト,short
6091.T,ウエスコホールディングス,short
6094.T,フリークアウト・ホールディングス,long
6095.T,メドピア,long
6098.T,リクルートホールディングス,long
6099.T,エラン,long
6101.T,ツガミ,short
6103.T,オークマ,short
6104.T,芝浦機械,short
6113.T,アマダ,short
6118.T,アイダエンジニアリング,short
6125.T,岡本工作機械製作所,short
6135.T,牧野フライス製作所,long
6137.T,小池酸素工業,short
6138.T,ダイジェット工業,short
6140.T,旭ダイヤモンド工業,short
6141.T,ＤＭＧ森精機,short
6143.T,ソディック,long
6144.T,西部電機,short
6146.T,ディスコ,long
6147.T,ヤマザキ,short
6150.T,タケダ機械,short
6151.T,日東工器,long
6157.T,日進工具,short
6158.T,和井田製作所,short
6159.T,ミクロン精密,short
6161.T,エスティック,short
6166.T,中村超硬,long
6176.T,ブランジスタ,long
6177.T,ＡｐｐＢａｎｋ,short
6181.T,タメニー,short
6183.T,ベルシステム２４ホールディングス,short
6184.T,鎌倉新書,long
6190.T,フェニックスバイオ,long
6191.T,エアトリ,long
6194.T,アトラエ,long
6200.T,インソース,long
6201.T,豊田自動織機,short
6203.T,豊和工業,short
6208.T,石川製作所,short
6209.T,リケンＮＰＲ,short
6210.T,東洋機械金属,short
6218.T,エンシュウ,short
6223.T,西部技研,short
6226.T,守谷輸送機工業,short
6227.T,ＡＩメカテック,long
6228.T,ジェイ・イー・ティ,long
6230.T,ＳＡＮＥＩ,short
6232.T,ＡＣＳＬ,short
6233.T,ＫＬＡＳＳ,long
6235.T,オプトラン,long
6247.T,日阪製作所,long
6248.T,横田製作所,short
6249.T,ゲームカード・ジョイコホールディングス,short
6254.T,野村マイクロ・サイエンス,long
6255.T,エヌ・ピー・シー,long
6257.T,藤商事,long
6264.T,マルマエ,long
6265.T,妙徳,short
6266.T,タツモ,long
6272.T,レオン自動機,long
6276.T,ナビタス,long
6278.T,ユニオンツール,long
6279.T,瑞光,long
6282.T,オイレス工業,short
6284.T,日精エー・エス・ビー機械,long
6286.T,靜甲,short
6289.T,技研製作所,short
6292.T,カワタ,short
6298.T,ワイエイシイホールディングス,long
6301.T,小松製作所,short
6302.T,住友重機械工業,short
6305.T,日立建機,short
6306.T,日工,short
6307.T,サンセイ,short
6309.T,巴工業,short
6310.T,井関農機,short
6312.T,フロイント産業,short
6315.T,ＴＯＷＡ,long
6316.T,丸山製作所,short
6317.T,北川鉄工所,short
6319.T,シンニッタン,short
6322.T,タクミナ,long
6323.T,ローツェ,long
6324.T,ハーモニック・ドライブ・システムズ,long
6327.T,北川精機,short
6330.T,東洋エンジニアリング,short
6331.T,三菱化工機,short
6332.T,月島ホールディングス,short
6334.T,明治機械,long
6335.T,東京機械製作所,short
6337.T,テセック,short
6338.T,タカトリ,short
6339.T,新東工業,long
6342.T,太平製作所,short
6345.T,アイチ コーポレーション,long
6346.T,キクカワエンタープライズ,short
6351.T,鶴見製作所,short
6360.T,東京自働機械製作所,long
6361.T,荏原製作所,long
6364.T,北越工業,long
6366.T,千代田化工建設,short
6367.T,ダイキン工業,short
6371.T,椿本チエイン,short
6373.T,大同工業,short
6376.T,日機装,short
6378.T,木村化工機,long
6380.T,オリエンタルチエン工業,short
6381.T,アネスト岩田,long
6383.T,ダイフク,short
6387.T,サムコ,long
6391.T,加地テック,short
6396.T,宇野澤組鐵工所,short
6402.T,兼松エンジニアリング,short
6406.T,フジテック,short
6408.T,小倉クラッチ,short
6411.T,中野冷機,long
6412.T,平和,short
6413.T,理想科学工業,long
6416.T,桂川電機,long
6417.T,ＳＡＮＫＹＯ,short
6418.T,日本金銭機械,short
6419.T,マースグループホールディングス,short
6424.T,高見沢サイバネティックス,long
6425.T,ユニバーサルエンターテインメント,long
6428.T,オーイズミ,short
6430.T,ダイコク電機,short
6432.T,竹内製作所,short
6433.T,ヒーハイスト,short
6436.T,アマノ,short
6454.T,マックス,short
6457.T,グローリー,short
6459.T,大和冷機工業,short
6463.T,ＴＰＲ,short
6465.T,ホシザキ,short
6467.T,ニチダイ,short
6469.T,放電精密加工研究所,short
6471.T,日本精工,short
6472.T,ＮＴＮ,short
6474.T,不二越,short
6480.T,日本トムソン,short
6482.T,ユーシン精機,short
6488.T,ヨシタケ,short
6489.T,前澤工業,short
6492.T,岡野バルブ製造,short
6493.T,日鍛バルブ,short
6494.T,ＮＦＫホールディングス,short
6495.T,宮入バルブ製作所,long
6496.T,中北製作所,short
6498.T,キッツ,short
6501.T,日立製作所,long
6503.T,三菱電機,short
6505.T,東洋電機製造,short
6508.T,明電舎,long
6516.T,山洋電気,long
6517.T,デンヨー,long
6518.T,三相電機,long
6521.T,オキサイド,long
6524.T,湖北工業,long
6525.T,KOKUSAIELECTRIC,long
6532.T,ベイカレント,short
6535.T,アイモバイル,short
6538.T,ディスラプターズ,long
6539.T,ＭＳ－Ｊａｐａｎ,long
6540.T,船場,long
6542.T,ＦＣホールディングス,short
6543.T,日宣,long
6547.T,グリーンズ,long
6548.T,旅工房,long
6552.T,ＧａｍｅＷｉｔｈ,long
6555.T,ＭＳ＆Ｃｏｎｓｕｌｔｉｎｇ,short
6557.T,ＡＩＡＩグループ,long
6561.T,ＨＡＮＡＴＯＵＲ ＪＡＰＡＮ,long
6563.T,みらいワークス,long
6564.T,ミダックホールディングス,short
6565.T,ＡＢホテル,short
6566.T,要興業,long
6570.T,共和コーポレーション,short
6571.T,キュービーネットホールディングス,long
6572.T,オープングループ,short
6574.T,コンヴァノ,long
6577.T,ベストワンドットコム,long
6578.T,コレックホールディングス,long
6579.T,ログリー,long
6580.T,ライトアップ,long
6584.T,三櫻工業,short
6586.T,マキタ,short
6588.T,東芝テック,long
6590.T,芝浦メカトロニクス,long
6597.T,ＨＰＣシステムズ,long
6612.T,バルミューダ,long
6619.T,ダブル・スコープ,long
6622.T,ダイヘン,long
6626.T,ＳＥＭＩＴＥＣ,long
6627.T,テラプローブ,long
6629.T,テクノホライゾン・ホールディングス,short
6630.T,ヤーマン,short
6632.T,ＪＶＣケンウッド,long
6633.T,Ｃ＆Ｇシステムズ,long
6634.T,ネクスグループ,long
6637.T,寺崎電気産業,long
6638.T,ミマキエンジニアリング,long
6643.T,戸上電機製作所,short
6644.T,大崎電気工業,short
6647.T,森尾電機,short
6648.T,かわでん,long
6651.T,日東工業,short
6652.T,ＩＤＥＣ,short
6653.T,正興電機製作所,short
6654.T,不二電機工業,long
6656.T,インスペック,long
6658.T,シライ電子工業,short
6662.T,ユビテック,long
6663.T,太洋テクノレックス,long
6664.T,オプトエレクトロニクス,short
6674.T,ジーエス・ユアサ コーポレーション,short
6675.T,サクサ,short
6676.T,メルコホールディングス,long
6677.T,エスケーエレクトロニクス,short
6678.T,テクノメディカ,short
6694.T,ズーム,short
6696.T,ピースリー,short
6701.T,日本電気,short
6703.T,沖電気工業,short
6706.T,電気興業,short
6707.T,サンケン電気,short
6715.T,ナカヨ,short
6718.T,アイホン,short
6721.T,ウインテスト,long
6723.T,ルネサスエレクトロニクス,long
6727.T,ワコム,long
6728.T,アルバック,short
6736.T,サン電子,long
6741.T,日本信号,short
6742.T,京三製作所,short
6743.T,大同信号,short
6744.T,能美防災,short
6748.T,星和電機,long
6750.T,エレコム,short
6752.T,パナソニック,short
6754.T,アンリツ,long
6755.T,富士通ゼネラル,short
6758.T,ソニーグループ,short
6768.T,タムラ製作所,long
6769.T,ザインエレクトロニクス,short
6771.T,池上通信機,short
6772.T,東京コスモス電機,long
6776.T,天昇電気工業,short
6777.T,ｓａｎｔｅｃ Ｈｏｌｄｉｎｇｓ,long
6779.T,日本電波工業,short
6787.T,メイコー,long
6788.T,日本トリム,short
6794.T,フォスター電機,long
6797.T,名古屋電機工業,short
6798.T,ＳＭＫ,long
6804.T,ホシデン,long
6814.T,古野電気,short
6817.T,スミダコーポレーション,short
6819.T,伊豆シャボテンリゾート,short
6820.T,アイコム,short
6822.T,大井電気,short
6824.T,新コスモス電機,long
6834.T,精工技研,long
6835.T,アライドテレシスホールディングス,long
6836.T,ぷらっとホーム,short
6837.T,京写,short
6838.T,多摩川ホールディングス,short
6840.T,ＡＫＩＢＡホールディングス,long
6844.T,新電元工業,long
6848.T,東亜ディーケーケー,short
6849.T,日本光電工業,long
6850.T,チノー,long
6853.T,共和電業,short
6855.T,日本電子材料,long
6856.T,堀場製作所,short
6857.T,アドバンテスト,long
6859.T,エスペック,short
6861.T,キーエンス,long
6869.T,シスメックス,short
6871.T,日本マイクロニクス,long
6874.T,協立電機,short
6875.T,メガチップス,long
6882.T,三社電機製作所,short
6888.T,アクモス,short
6890.T,フェローテックホールディングス,short
6894.T,パルステック工業,long
6898.T,トミタ電機,short
6899.T,ＡＳＴＩ,long
6901.T,澤藤電機,short
6902.T,デンソー,short
6905.T,コーセル,short
6914.T,オプテックスグループ,short
6915.T,千代田インテグレ,long
6918.T,アバールデータ,short
6923.T,スタンレー電気,short
6929.T,日本セラミック,short
6930.T,日本アンテナ,short
6932.T,遠藤照明,short
6937.T,古河電池,short
6943.T,ＮＫＫスイッチズ,short
6946.T,日本アビオニクス,short
6947.T,図研,long
6951.T,日本電子,long
6955.T,ＦＤＫ,long
6958.T,日本シイエムケイ,long
6960.T,フクダ電子,long
6962.T,大真空,long
6963.T,ローム,short
6964.T,サンコー,short
6966.T,三井ハイテック,long
6969.T,松尾電機,long
6981.T,村田製作所,long
6986.T,双葉電子工業,short
6988.T,日東電工,short
6994.T,指月電機製作所,short
6995.T,東海理化電機製作所,short
6996.T,ニチコン,short
6997.T,日本ケミコン,short
7004.T,カナデビア,short
7011.T,三菱重工業,short
7012.T,川崎重工業,short
7013.T,ＩＨＩ,short
7014.T,名村造船所,short
7018.T,内海造船,short
7022.T,サノヤスホールディングス,short
7031.T,インバウンドテック,short
7033.T,マネジメントソリューションズ,long
7037.T,テノ．ホールディングス,long
7038.T,フロンティア・マネジメント,short
7039.T,ブリッジインターナショナル,short
7040.T,サン・ライフホールディング,short
7043.T,アルー,long
7046.T,ＴＤＳＥ,short
7047.T,ポート,long
7049.T,識学,short
7050.T,フロンティアインターナショナル,short
7057.T,エヌ・シー・エヌ,long
7060.T,ギークス,short
7061.T,日本ホスピスホールディングス,short
7062.T,フレアス,long
7063.T,Ｂｉｒｄｍａｎ,long
7064.T,ハウテレビジョン,long
7069.T,サイバー・バズ,long
7072.T,インティメート・マージャー,short
7073.T,ジェイック,long
7074.T,トゥエンティーフォーセブン,long
7075.T,ＱＬＳホールディングス,long
7077.T,ＡＬｉＮＫインターネット,long
7078.T,ＩＮＣＬＵＳＩＶＥ,long
7079.T,ＷＤＢココ,short
7082.T,ジモティー,long
7083.T,ＡＨＣグループ,short
7084.T,Ｓｍｉｌｅ Ｈｏｌｄｉｎｇｓ,short
7087.T,ウイルテック,short
7089.T,フォースタートアップス,short
7090.T,リグア,long
7091.T,リビングプラットフォーム,short
7093.T,アディッシュ,long
7094.T,ＮｅｘＴｏｎｅ,short
7095.T,Ｍａｃｂｅｅ Ｐｌａｎｅｔ,long
7096.T,ステムセル研究所,short
7105.T,三菱ロジスネクスト,short
7110.T,クラシコム,short
7114.T,フーディソン,long
7115.T,アルファパーチェス,short
7116.T,ダイワ通信,long
7119.T,ハルメクホールディングス,short
7122.T,近畿車輛,short
7126.T,タンゴヤ,short
7127.T,一家ホールディングス,short
7128.T,フルサト・マルカホールディングス,short
7130.T,ヤマエグループホールディングス,short
7131.T,のむら産業,long
7135.T,藤久ホールディングス,short
7150.T,島根銀行,long
7161.T,じもとホールディングス,short
7164.T,全国保証,short
7167.T,めぶきフィナンシャルグループ,short
7172.T,ジャパンインベストメントアドバイザー,short
7173.T,東京きらぼしフィナンシャルグループ,short
7177.T,ＧＭＯフィナンシャルホールディングス,short
7180.T,九州フィナンシャルグループ,short
7181.T,かんぽ生命保険,short
7182.T,ゆうちょ銀行,short
7184.T,富山第一銀行,short
7185.T,ヒロセ通商,short
7186.T,コンコルディア・フィナンシャルグループ,short
7187.T,ジェイリース,short
7189.T,西日本フィナンシャルホールディングス,short
7191.T,イントラスト,short
7196.T,Ｃａｓａ,short
7198.T,ＳＢＩアルヒ,short
7199.T,プレミアグループ,short
7208.T,カネミツ,short
7211.T,三菱自動車工業,short
7212.T,エフテック,short
7214.T,ＧＭＢ,long
7215.T,ファルテック,long
7218.T,田中精密工業,short
7220.T,武蔵精密工業,short
7224.T,新明和工業,short
7229.T,ユタカ技研,short
7231.T,トピー工業,short
7235.T,東京ラヂエーター製造,short
7236.T,ティラド,short
7239.T,タチエス,short
7241.T,フタバ産業,short
7242.T,カヤバ,short
7245.T,大同メタル工業,short
7246.T,プレス工業,short
7247.T,ミクニ,short
7250.T,太平洋工業,short
7255.T,桜井製作所,short
7259.T,アイシン,short
7261.T,マツダ,short
7265.T,エイケン工業,long
7267.T,本田技研工業,short
7268.T,タツミ,short
7270.T,スバル（SUBARU）,short
7277.T,ＴＢＫ,short
7280.T,ミツバ,short
7283.T,愛三工業,short
7284.T,盟和産業,long
7287.T,日本精機,short
7294.T,ヨロズ,short
7296.T,エフ・シー・シー,short
7297.T,カーメイト,long
7299.T,フジオーゼックス,short
7305.T,新家工業,long
7309.T,シマノ,short
7313.T,テイ・エス テック,short
7322.T,三十三フィナンシャルグループ,short
7326.T,ＳＢＩインシュアランスグループ,short
7327.T,第四北越フィナンシャルグループ,short
7337.T,ひろぎんホールディングス,short
7343.T,ブロードマインド,long
7345.T,アイ・パートナーズフィナンシャル,long
7347.T,マーキュリアホールディングス,short
7350.T,おきなわフィナンシャルグループ,short
7351.T,グッドパッチ,short
7352.T,ＴＷＯＳＴＯＮＥ＆Ｓｏｎｓ,long
7353.T,ＫＩＹＯラーニング,long
7356.T,Ｒｅｔｔｙ,long
7357.T,ジオコード,long
7358.T,ポピンズホールディングス,long
7359.T,東京通信グループ,long
7361.T,ヒューマンクリエイションホールディングス,long
7362.T,Ｔ．Ｓ．Ｉ,long
7368.T,表示灯,long
7369.T,メイホーホールディングス,long
7371.T,Ｚｅｎｋｅｎ,short
7373.T,アイドマ・ホールディングス,long
7374.T,コンフィデンス・インターワークス,short
7376.T,ＢＣＣ,short
7377.T,ＤＮホールディングス,short
7378.T,アシロ,short
7380.T,十六フィナンシャルグループ,short
7381.T,北國フィナンシャルホールディングス,short
7383.T,ネットプロテクションズホールディングス,short
7386.T,ジャパンワランティサポート,short
7388.T,ＦＰパートナー,short
7389.T,あいちフィナンシャルグループ,short
7409.T,ＡｅｒｏＥｄｇｅ,short
7413.T,創健社,short
7414.T,小野建,short
7416.T,はるやまホールディングス,short
7417.T,南陽,short
7419.T,ノジマ,short
7420.T,佐鳥電機,short
7421.T,カッパ・クリエイト,short
7426.T,山大,long
7427.T,エコートレーディング,short
7433.T,伯東,short
7434.T,オータケ,long
7435.T,ナ・デックス,short
7438.T,コンドーテック,short
7442.T,中山福,short
7443.T,横浜魚類,long
7444.T,ハリマ共和物産,short
7446.T,東北化学薬品,long
7447.T,ナガイレーベン,short
7450.T,サンデー,short
7451.T,三菱食品,short
7453.T,良品計画,short
7456.T,松田産業,short
7458.T,第一興商,short
7459.T,メディパルホールディングス,short
7460.T,ヤギ,short
7461.T,キムラ,long
7462.T,ダイヤ通商,long
7464.T,セフテック,short
7466.T,ＳＰＫ,short
7467.T,萩原電気ホールディングス,short
7472.T,鳥羽洋行,short
7475.T,アルビス,short
7480.T,スズデン,short
7481.T,尾家産業,short
7482.T,シモジマ,short
7501.T,ティムコ,short
7502.T,プラザホールディングス,short
7506.T,ハウス オブ ローゼ,short
7508.T,Ｇ－７ホールディングス,short
7509.T,アイエーグループ,long
7513.T,コジマ,long
7514.T,ヒマラヤ,long
7516.T,コーナン商事,short
7520.T,エコス,short
7521.T,ムサシ,short
7522.T,ワタミ,short
7523.T,アールビバン,short
7524.T,マルシェ,long
7525.T,リックス,short
7532.T,パン・パシフィック・インターナショナルホールディングス,short
7537.T,丸文,short
7538.T,大水,short
7544.T,スリーエフ,long
7545.T,西松屋チェーン,long
7550.T,ゼンショーホールディングス,short
7559.T,ジーエフシー,long
7561.T,ハークスレイ,short
7562.T,安楽亭,short
7564.T,ワークマン,short
7570.T,橋本総業ホールディングス,short
7575.T,日本ライフライン,short
7593.T,ＶＴホールディングス,short
7595.T,アルゴグラフィックス,long
7599.T,ＩＤＯＭ,short
7600.T,日本エム・ディ・エム,short
7601.T,ポプラ,long
7602.T,レダックス,short
7603.T,マックハウス,long
7605.T,フジ・コーポレーション,short
7607.T,進和,short
7611.T,ハイデイ日高,short
7613.T,シークス,short
7623.T,サンオータス,short
7628.T,オーハシテクニカ,short
7635.T,杉田エース,short
7636.T,ハンズマン,long
7638.T,ＮＥＷ ＡＲＴ ＨＯＬＤＩＮＧＳ,short
7646.T,ＰＬＡＮＴ,short
7670.T,オーウエル,long
7673.T,ダイコー通産,short
7674.T,ＮＡＴＴＹ ＳＷＡＮＫＹホールディングス,short
7677.T,ヤシマキザイ,short
7678.T,あさくま,short
7681.T,レオクラン,long
7682.T,浜木綿,short
7685.T,ＢｕｙＳｅｌｌ Ｔｅｃｈｎｏｌｏｇｉｅｓ,long
7686.T,カクヤスグループ,short
7689.T,コパ・コーポレーション,long
7695.T,交換できるくん,long
7698.T,アイスコ,short
7699.T,オムニ・プラス・システム・リミテッド ＪＤＲ,short
7711.T,助川電気工業,short
7713.T,シグマ光機,short
7715.T,長野計器,short
7716.T,ナカニシ,long
7718.T,スター精密,short
7721.T,東京計器,short
7723.T,愛知時計電機,short
7725.T,インターアクション,short
7726.T,黒田精工,long
7729.T,東京精密,short
7731.T,ニコン,short
7734.T,理研計器,short
7740.T,タムロン,long
7741.T,ＨＯＹＡ,long
7743.T,シード,short
7744.T,ノーリツ鋼機,short
7746.T,岡本硝子,short
7747.T,朝日インテック,long
7749.T,メディキット,short
7760.T,ＩＭＶ,short
7762.T,シチズン時計,short
7769.T,リズム,long
7774.T,ジャパン・ティッシュ・エンジニアリング,long
7776.T,セルシード,long
7777.T,スリー・ディー・マトリックス,long
7793.T,イメージ・マジック,short
7794.T,イーディーピー,short
7804.T,ビーアンドピー,short
7805.T,プリントネット,short
7806.T,ＭＴＧ,short
7807.T,幸和製作所,long
7809.T,壽屋,short
7810.T,クロスフォー,short
7813.T,プラッツ,short
7814.T,日本創発グループ,short
7815.T,東京ボード工業,long
7817.T,パラマウントベッドホールディングス,long
7818.T,トランザクション,short
7819.T,粧美堂,short
7820.T,ニホンフラッシュ,short
7823.T,アートネイチャー,short
7826.T,フルヤ金属,short
7827.T,オービス,long
7836.T,アビックス,long
7839.T,ＳＨＯＥＩ,long
7844.T,マーベラス,long
7849.T,スターツ出版,short
7850.T,総合商研,short
7856.T,萩原工業,short
7857.T,セキ,long
7859.T,アルメディオ,short
7860.T,エイベックス,short
7864.T,フジシールインターナショナル,short
7865.T,ピープル,short
7867.T,タカラトミー,long
7868.T,広済堂ホールディングス,short
7874.T,レック,short
7875.T,竹田ｉＰホールディングス,short
7877.T,永大化工,short
7879.T,ノダ,short
7886.T,ヤマトモビリティ＆ Ｍｆｇ．,short
7887.T,南海プライウッド,short
7888.T,三光合成,short
7893.T,プロネクサス,short
7896.T,セブン工業,short
7898.T,ウッドワン,short
7906.T,ヨネックス,long
7908.T,きもと,short
7911.T,ＴＯＰＰＡＮホールディングス,long
7914.T,共同印刷,short
7915.T,ＮＩＳＳＨＡ,short
7918.T,ヴィア・ホールディングス,short
7919.T,野崎印刷紙業,short
7921.T,ＴＡＫＡＲＡ ＆ ＣＯＭＰＡＮＹ,long
7923.T,トーイン,long
7925.T,前澤化成工業,short
7928.T,旭化学工業,short
7931.T,未来工業,short
7936.T,アシックス,long
7937.T,ツツミ,short
7938.T,リーガルコーポレーション,short
7939.T,研創,short
7940.T,ウェーブロックホールディングス,long
7946.T,光陽社,short
7951.T,ヤマハ,short
7955.T,クリナップ,short
7956.T,ピジョン,short
7957.T,フジコピアン,long
7958.T,天馬,short
7962.T,キングジム,short
7966.T,リンテック,long
7972.T,イトーキ,short
7974.T,任天堂,long
7975.T,リヒトラブ,long
7979.T,松風,long
7980.T,重松製作所,short
7981.T,タカラスタンダード,short
7985.T,ネポン,short
7987.T,ナカバヤシ,short
7988.T,ニフコ,short
7989.T,立川ブラインド工業,short
7990.T,グローブライド,short
7991.T,マミヤ・オーピー,short
8001.T,伊藤忠商事,short
8002.T,丸紅,short
8006.T,ユアサ・フナショク,short
8007.T,高島,short
8011.T,三陽商会,short
8015.T,豊田通商,short
8016.T,オンワードホールディングス,short
8018.T,三共生興,short
8020.T,兼松,short
8022.T,美津濃,long
8025.T,ツカモトコーポレーション,short
8029.T,ルックホールディングス,short
8031.T,三井物産,short
8032.T,日本紙パルプ商事,short
8035.T,東京エレクトロン,long
8037.T,カメイ,short
8038.T,東都水産,short
8039.T,築地魚市場,short
8041.T,ＯＵＧホールディングス,short
8043.T,スターゼン,short
8045.T,横浜丸魚,short
8046.T,丸藤シートパイル,short
8050.T,セイコーホールディングス,long
8051.T,山善,short
8053.T,住友商事,short
8056.T,日本ユニシス,short
8057.T,内田洋行,short
8058.T,三菱商事,short
8060.T,キヤノンマーケティングジャパン,long
8061.T,西華産業,short
8065.T,佐藤商事,short
8066.T,三谷商事,short
8074.T,ユアサ商事,short
8075.T,神鋼商事,short
8076.T,カノークス,short
8079.T,正栄食品工業,short
8081.T,カナデン,short
8084.T,ＲＹＯＤＥＮ,short
8085.T,ナラサキ産業,short
8089.T,ナイス,short
8095.T,アステナホールディングス,short
8097.T,三愛石油,short
8098.T,稲畑産業,short
8111.T,ゴールドウイン,short
8115.T,ムーンバット,short
8117.T,中央自動車工業,short
8119.T,三栄コーポレーション,short
8123.T,川辺,short
8125.T,ワキタ,short
8127.T,ヤマトインターナショナル,long
8129.T,東邦ホールディングス,short
8130.T,サンゲツ,short
8131.T,ミツウロコグループホールディングス,short
8132.T,シナネンホールディングス,short
8133.T,伊藤忠エネクス,short
8136.T,サンリオ,short
8137.T,サンワテクノス,short
8138.T,三京化成,short
8141.T,新光商事,long
8142.T,トーホー,short
8143.T,ラピーヌ,short
8147.T,トミタ,short
8150.T,三信電気,short
8154.T,加賀電子,short
8159.T,立花エレテック,short
8165.T,千趣会,short
8166.T,タカキュー,long
8167.T,リテールパートナーズ,short
8174.T,日本瓦斯,short
8179.T,ロイヤルホールディングス,short
8181.T,東天紅,long
8185.T,チヨダ,long
8194.T,ライフコーポレーション,short
8202.T,ラオックス,long
8203.T,ＭｒＭａｘＨＤ,short
8209.T,フレンドリー,long
8214.T,ＡＯＫＩホールディングス,short
8217.T,オークワ,short
8218.T,コメリ,short
8226.T,理経,short
8227.T,しまむら,long
8230.T,はせがわ,short
8244.T,近鉄百貨店,short
8247.T,大和,long
8252.T,丸井グループ,short
8253.T,クレディセゾン,short
8255.T,アクシアル リテイリング,short
8273.T,イズミ,short
8275.T,フォーバル,short
8276.T,平和堂,short
8278.T,フジ,short
8285.T,三谷産業,short
8289.T,Ｏｌｙｍｐｉｃグループ,long
8291.T,日産東京販売ホールディングス,short
8304.T,あおぞら銀行,long
8306.T,三菱ＵＦＪフィナンシャル・グループ,short
8308.T,りそなホールディングス,short
8309.T,三井住友トラストグループ,short
8316.T,三井住友フィナンシャルグループ,short
8331.T,千葉銀行,short
8334.T,群馬銀行,short
8336.T,武蔵野銀行,short
8337.T,千葉興業銀行,short
8338.T,筑波銀行,short
8341.T,七十七銀行,short
8343.T,秋田銀行,short
8344.T,山形銀行,short
8345.T,岩手銀行,short
8346.T,東邦銀行,short
8349.T,東北銀行,short
8354.T,ふくおかフィナンシャルグループ,short
8358.T,スルガ銀行,short
8359.T,八十二銀行,short
8360.T,山梨中央銀行,short
8361.T,大垣共立銀行,short
8366.T,滋賀銀行,short
8367.T,南都銀行,short
8368.T,百五銀行,short
8370.T,紀陽銀行,short
8377.T,ほくほくフィナンシャルグループ,short
8381.T,山陰合同銀行,short
8383.T,鳥取銀行,short
8386.T,百十四銀行,short
8387.T,四国銀行,short
8388.T,阿波銀行,short
8392.T,大分銀行,short
8395.T,佐賀銀行,short
8410.T,セブン銀行,long
8411.T,みずほフィナンシャルグループ,short
8418.T,山口フィナンシャルグループ,short
8424.T,芙蓉総合リース,short
8425.T,みずほリース,short
8439.T,東京センチュリー,short
8473.T,ＳＢＩホールディングス,long
8508.T,Ｊトラスト,short
8511.T,日本証券金融,short
8515.T,アイフル,short
8518.T,日本アジア投資,short
8522.T,名古屋銀行,short
8524.T,北洋銀行,short
8537.T,大光銀行,short
8544.T,京葉銀行,short
8550.T,栃木銀行,short
8566.T,リコーリース,short
8570.T,イオンフィナンシャルサービス,short
8572.T,アコム,short
8584.T,ジャックス,short
8591.T,オリックス,short
8593.T,三菱ＨＣキャピタル,short
8595.T,ジャフコ グループ,long
8596.T,九州リースサービス,short
8600.T,トモニホールディングス,short
8601.T,大和証券グループ本社,short
8604.T,野村ホールディングス,long
8609.T,岡三証券グループ,short
8616.T,東海東京フィナンシャル・ホールディングス,short
8624.T,いちよし証券,long
8630.T,ＳＯＭＰＯホールディングス,short
8697.T,日本取引所グループ,short
8698.T,マネックスグループ,long
8699.T,澤田ホールディングス,short
8700.T,丸八証券,short
8704.T,トレイダーズホールディングス,long
8706.T,極東証券,long
8707.T,岩井コスモホールディングス,long
8708.T,アイザワ証券グループ,long
8714.T,池田泉州ホールディングス,short
8715.T,アニコム ホールディングス,long
8725.T,ＭＳ＆ＡＤインシュアランスグループホールディングス,short
8739.T,スパークス・グループ,short
8742.T,小林洋行,short
8747.T,豊商事,short
8750.T,第一生命ホールディングス,short
8766.T,東京海上ホールディングス,short
8783.T,ＧＦＡ,long
8789.T,フィンテック グローバル,long
8793.T,ＮＥＣキャピタルソリューション,short
8795.T,Ｔ＆Ｄホールディングス,short
8798.T,アドバンスクリエイト,long
8802.T,三菱地所,short
8804.T,東京建物,short
8818.T,京阪神ビルディング,long
8830.T,住友不動産,short
8835.T,太平洋興発,short
8836.T,ＲＩＳＥ,short
8864.T,空港施設,short
8877.T,エスリード,long
8886.T,ウッドフレンズ,long
8891.T,ＡＭＧホールディングス,short
8892.T,日本エスコン,short
8894.T,ＲＥＶＯＬＵＴＩＯＮ,long
8904.T,ＡＶＡＮＴＩＡ,short
8905.T,イオンモール,short
8908.T,毎日コムネット,short
8912.T,エリアクエスト,short
8917.T,ファースト住建,short
8919.T,カチタス,long
8920.T,東祥,long
8927.T,明豊エンタープライズ,long
8928.T,穴吹興産,short
8929.T,青山財産ネットワークス,long
8934.T,サンフロンティア不動産,short
8935.T,ＦＪネクストホールディングス,short
8953.T,日本リテールファンド投資法人,short
8957.T,東急リアル・エステート投資法人,short
8958.T,グローバル・ワン不動産投資法人,short
8960.T,ユナイテッド・アーバン投資法人,long
8961.T,森トラストリート,short
8967.T,日本ロジスティクスファンド投資法人,short
8972.T,ＫＤＸ不動産投資法人,long
8976.T,大和証券オフィス投資法人,long
8984.T,大和ハウスリート投資法人,long
8985.T,ジャパン・ホテル・リート投資法人,short
8986.T,日本賃貸住宅投資法人,short
9001.T,東武鉄道,short
9003.T,相鉄ホールディングス,short
9005.T,東急,short
9006.T,京浜急行電鉄,short
9007.T,小田急電鉄,short
9010.T,富士急行,long
9012.T,秩父鉄道,short
9017.T,新潟交通,short
9020.T,東日本旅客鉄道,short
9021.T,西日本旅客鉄道,short
9022.T,東海旅客鉄道,short
9023.T,東京地下鉄,short
9024.T,西武ホールディングス,short
9028.T,ゼロ,short
9029.T,ヒガシトゥエンティワン,short
9033.T,広島電鉄,short
9034.T,南総通運,short
9037.T,ハマキョウレックス,short
9039.T,サカイ引越センター,short
9041.T,近鉄グループホールディングス,short
9042.T,阪急阪神ホールディングス,short
9044.T,南海電気鉄道,short
9045.T,京阪ホールディングス,short
9046.T,神戸電鉄,short
9049.T,京福電気鉄道,short
9051.T,センコン物流,short
9052.T,山陽電気鉄道,short
9057.T,遠州トラック,short
9059.T,カンダホールディングス,short
9060.T,日本ロジテム,short
9063.T,岡山県貨物運送,short
9065.T,山九,short
9066.T,日新,short
9067.T,丸運,short
9068.T,丸全昭和運輸,short
9069.T,センコーグループホールディングス,short
9070.T,トナミホールディングス,short
9072.T,ニッコンホールディングス,short
9073.T,京極運輸商事,short
9074.T,日本石油輸送,short
9075.T,福山通運,short
9076.T,セイノーホールディングス,short
9081.T,神奈川中央交通,long
9083.T,神姫バス,short
9115.T,明海グループ,short
9119.T,飯野海運,short
9127.T,玉井商船,short
9130.T,共栄タンカー,short
9142.T,九州旅客鉄道,short
9143.T,ＳＧホールディングス,short
9158.T,シーユーシー,long
9159.T,Ｗ ＴＯＫＹＯ,long
9160.T,ノバレーゼ,short
9162.T,ブリーチ,short
9163.T,ナレルグループ,long
9165.T,クオルテック,long
9168.T,ライズ・コンサルティング・グループ,short
9171.T,栗林商船,short
9173.T,東海汽船,short
9193.T,東京汽船,short
9204.T,スカイマーク,long
9211.T,エフ・コード,short
9213.T,セイファート,long
9216.T,ビーウィズ,short
9218.T,メンタルヘルステクノロジーズ,long
9219.T,ギックス,short
9220.T,エフビー介護サービス,short
9223.T,ASNOVA,long
9229.T,サンウェルズ,long
9235.T,売れるネット広告社グループ,long
9236.T,ジャパンＭ＆Ａソリューション,long
9237.T,笑美面,long
9240.T,デリバリーコンサルティング,long
9241.T,フューチャーリンクネットワーク,long
9245.T,リベロ,short
9246.T,プロジェクトホールディングス,short
9248.T,人・夢・技術グループ,short
9249.T,日本エコシステム,short
9251.T,ＡＢ＆Ｃｏｍｐａｎｙ,short
9253.T,スローガン,long
9254.T,ラバブルマーケティンググループ,long
9257.T,ＹＣＰホールディングス（グローバル）リミテッド ＪＤＲ,long
9258.T,ＣＳ－Ｃ,short
9259.T,タカヨシホールディングス,short
9262.T,シルバーライフ,long
9264.T,ポエック,short
9265.T,ヤマシタヘルスケアホールディングス,short
9268.T,オプティマスグループ,short
9270.T,バリュエンスホールディングス,long
9274.T,国際紙パルプ商事,short
9278.T,ブックオフグループホールディングス,short
9279.T,ギフトホールディングス,long
9302.T,三井倉庫ホールディングス,short
9303.T,住友倉庫,short
9304.T,澁澤倉庫,short
9305.T,ヤマタネ,short
9310.T,日本トランスシティ,long
9311.T,アサガミ,short
9313.T,丸八倉庫,short
9319.T,中央倉庫,short
9322.T,川西倉庫,short
9324.T,安田倉庫,long
9327.T,イー・ロジット,long
9330.T,揚羽,short
9332.T,ＮＩＳＳＯホールディングス,short
9336.T,大栄環境,short
9337.T,トリドリ,long
9339.T,コーチ・エィ,long
9340.T,アソインターナショナル,short
9345.T,ビズメイツ,short
9347.T,日本管財ホールディングス,short
9351.T,東洋埠頭,short
9353.T,櫻島埠頭,long
9355.T,リンコーコーポレーション,short
9360.T,鈴与シンワート,short
9361.T,伏木海陸運送,short
9362.T,兵機海運,long
9363.T,大運,long
9364.T,上組,short
9366.T,サンリツ,short
9381.T,エーアイテイー,short
9384.T,内外トランスライン,short
9399.T,ビート・ホールディングス・リミテッド,long
9401.T,ＴＢＳホールディングス,long
9404.T,日本テレビホールディングス,short
9413.T,テレビ東京ホールディングス,short
9416.T,ビジョン,short
9417.T,スマートバリュー,short
9421.T,エヌジェイホールディングス,short
9423.T,ＦＲＳ,short
9425.T,ＲｅＹｕｕ Ｊａｐａｎ,short
9428.T,クロップス,long
9435.T,光通信,short
9436.T,沖縄セルラー電話,short
9438.T,エムティーアイ,long
9439.T,エム・エイチ・グループ,short
9441.T,ベルパーク,short
9444.T,トーシンホールディングス,short
9446.T,サカイホールディングス,long
9449.T,ＧＭＯインターネット,short
9466.T,アイドママーケティングコミュニケーション,short
9467.T,アルファポリス,short
9468.T,ＫＡＤＯＫＡＷＡ,long
9475.T,昭文社ホールディングス,short
9476.T,中央経済社ホールディングス,short
9478.T,ＳＥホールディングス・アンド・インキュベーションズ,short
9501.T,東京電力ホールディングス,short
9502.T,中部電力,short
9503.T,関西電力,short
9504.T,中国電力,short
9505.T,北陸電力,short
9506.T,東北電力,short
9507.T,四国電力,short
9508.T,九州電力,short
9509.T,北海道電力,short
9511.T,沖縄電力,short
9513.T,電源開発,short
9514.T,エフオン,long
9517.T,イーレックス,short
9519.T,レノバ,short
9531.T,東京瓦斯,short
9532.T,大阪瓦斯,short
9533.T,東邦瓦斯,short
9536.T,西部ガスホールディングス,short
9537.T,北陸瓦斯,short
9543.T,静岡ガス,short
9552.T,Ｍ＆Ａ総研ホールディングス,long
9554.T,ＡＶｉＣ,short
9556.T,ＩＮＴＬＯＯＰ,long
9557.T,エアークローゼット,long
9558.T,ジャパニアス,short
9560.T,プログリット,long
9561.T,グラッドキューブ,long
9564.T,ＦＣＥ,long
9600.T,アイネット,short
9602.T,東宝,short
9610.T,ウィルソン・ラーニング ワールドワイド,long
9612.T,ラックランド,long
9613.T,ＮＴＴデータグループ,long
9616.T,共立メンテナンス,short
9619.T,イチネンホールディングス,short
9622.T,スペース,short
9625.T,セレスポ,short
9627.T,アインホールディングス,short
9633.T,東京テアトル,short
9644.T,タナベ経営,short
9647.T,協和コンサルタンツ,short
9651.T,日本プロセス,short
9661.T,歌舞伎座,long
9663.T,ナガワ,long
9672.T,東京都競馬,long
9678.T,カナモト,short
9679.T,ホウライ,short
9682.T,ＤＴＳ,short
9685.T,ＫＹＣＯＭホールディングス,short
9686.T,東洋テック,short
9687.T,ＫＳＫ,short
9692.T,シーイーシー,short
9696.T,ウィザス,long
9697.T,カプコン,long
9701.T,東京會舘,short
9702.T,アイ・エス・ビー,short
9704.T,アゴーラ ホスピタリティー グループ,short
9706.T,日本空港ビルデング,long
9709.T,ＮＣＳ＆Ａ,short
9713.T,ロイヤルホテル,long
9715.T,トランス・コスモス,short
9716.T,乃村工藝社,short
9719.T,ＳＣＳＫ,short
9720.T,ホテル、ニューグランド,long
9722.T,藤田観光,short
9731.T,白洋舎,short
9743.T,丹青社,short
9749.T,富士ソフト,long
9760.T,進学会ホールディングス,short
9761.T,東海リース,short
9765.T,オオバ,short
9766.T,コナミホールディングス,long
9768.T,いであ,short
9769.T,学究社,short
9778.T,昴,long
9780.T,ハリマビステム,long
9782.T,ディーエムエス,short
9787.T,イオンディライト,short
9788.T,ナック,long
9790.T,福井コンピュータホールディングス,short
9793.T,ダイセキ,short
9795.T,ステップ,short
9799.T,旭情報サービス,short
9816.T,ストライダーズ,short
9818.T,大丸エナウィン,long
9823.T,マミーマート,short
9824.T,泉州電業,long
9827.T,リリカラ,short
9828.T,Ｇｅｎｋｉ Ｇｌｏｂａｌ Ｄｉｎｉｎｇ Ｃｏｎｃｅｐｔｓ,short
9843.T,ニトリホールディングス,long
9846.T,天満屋ストア,long
9849.T,共同紙販ホールディングス,long
9854.T,愛眼,short
9856.T,ケーユーホールディングス,short
9861.T,吉野家ホールディングス,short
9867.T,ソレキア,long
9869.T,加藤産業,short
9872.T,北恵,short
9878.T,セキド,long
9882.T,イエローハット,long
9889.T,ＪＢＣＣホールディングス,long
9900.T,サガミホールディングス,long
9902.T,日伝,short
9903.T,カンセキ,long
9904.T,ベリテ,short
9908.T,Ｄｅｎｋｅｉ,short
9914.T,植松商会,long
9927.T,ワットマン,long
9928.T,ミロク情報サービス,short
9932.T,杉本商事,short
9934.T,因幡電機産業,short
9936.T,王将フードサービス,short
9946.T,ミニストップ,short
9948.T,アークス,short
9950.T,ハチバン,long
9955.T,ヨンキュウ,short
9956.T,バローホールディングス,short
9959.T,アシードホールディングス,short
9960.T,東テク,short
9969.T,ショクブン,short
9974.T,ベルク,short
9976.T,セキチュー,long
9979.T,大庄,short
9982.T,タキヒヨー,long
9983.T,ファーストリテイリング,long
9984.T,ソフトバンクグループ,long
9986.T,蔵王産業,short
9991.T,ジェコス,short
9993.T,ヤマザワ,short
9994.T,やまや,short
9996.T,サトー商会,short
9997.T,ベルーナ,short
